{"name":"4832c4ab-a7d9-4a4f-a692-2ff3f8e007e7","id":"/providers/Microsoft.Flow/flows/4832c4ab-a7d9-4a4f-a692-2ff3f8e007e7","type":"Microsoft.Flow/flows","properties":{"apiId":"/providers/Microsoft.PowerApps/apis/shared_logicflows","displayName":"EXPORT READY - Advanced - Graph-Read with Unified Token, Tables and Excel","definition":{"metadata":{"workflowEntityId":null,"creator":{"id":"05b8c62a-43db-4029-8fec-a4c20c2f0b65","type":"User","tenantId":"6dca6ed4-5385-4667-98ee-6b7c509d49fa"},"provisioningMethod":"FromDefinition","failureAlertSubscription":true,"clientLastModifiedTime":"2018-11-16T05:23:08.6942983Z"},"$schema":"https://schema.management.azure.com/providers/Microsoft.Logic/schemas/2016-06-01/workflowdefinition.json#","contentVersion":"1.0.0.0","parameters":{"$connections":{"defaultValue":{},"type":"Object"},"$authentication":{"defaultValue":{},"type":"SecureObject"}},"triggers":{"Recurrence":{"recurrence":{"frequency":"Month","interval":1},"type":"Recurrence"}},"actions":{"Set_Client_ID":{"runAfter":{},"type":"InitializeVariable","inputs":{"variables":[{"name":"client_id","type":"String","value":"YOUR REGISTERED CLIENT ID"}]}},"Set_Secret_ID":{"runAfter":{"Set_Client_ID":["Succeeded"]},"type":"InitializeVariable","inputs":{"variables":[{"name":"secret_id","type":"String","value":"YOUR GENERATED SECRET"}]}},"Set_Tenant_ID":{"runAfter":{"Set_Secret_ID":["Succeeded"]},"type":"InitializeVariable","inputs":{"variables":[{"name":"tenant_id","type":"String","value":"YOUR TENANT ID"}]}},"HTTP":{"runAfter":{"Set_Tenant_ID":["Succeeded"]},"type":"Http","inputs":{"method":"POST","uri":"https://login.microsoftonline.com/@{variables('tenant_id')}/oauth2/token","headers":{"content-type":"application/x-www-form-urlencoded"},"body":"client_id=@{variables('client_id')}&\nclient_secret=@{variables('secret_id')}&\ngrant_type=client_credentials&\nresource=https%3A%2F%2Fgraph.microsoft.com"}},"Condition":{"actions":{"Parse_JSON":{"runAfter":{},"type":"ParseJson","inputs":{"content":"@body('HTTP')","schema":{"type":"object","properties":{"token_type":{"type":"string"},"expires_in":{"type":"string"},"ext_expires_in":{"type":"string"},"expires_on":{"type":"string"},"not_before":{"type":"string"},"resource":{"type":"string"},"access_token":{"type":"string"}}}}},"Get_Groups_with_Teams":{"runAfter":{"Parse_JSON":["Succeeded"]},"type":"Http","inputs":{"method":"GET","uri":"https://graph.microsoft.com/beta/groups?$filter=resourceProvisioningOptions/Any(x:x+eq+'Team')","headers":{"Authorization":"Bearer @{body('Parse_JSON')['access_token']}","Accept":"application/json"}}},"Parse_Teams":{"runAfter":{"Get_Groups_with_Teams":["Succeeded"]},"type":"ParseJson","inputs":{"content":"@body('Get_Groups_with_Teams')","schema":{"type":"object","properties":{"@@odata.context":{"type":"string"},"value":{"type":"array","items":{"type":"object","properties":{"id":{"type":"string"},"deletedDateTime":{},"classification":{},"createdDateTime":{"type":"string"},"description":{"type":"string"},"displayName":{"type":"string"},"expirationDateTime":{},"groupTypes":{"type":"array","items":{"type":"string"}},"mail":{"type":"string"},"mailEnabled":{"type":"boolean"},"mailNickname":{"type":"string"},"membershipRule":{},"membershipRuleProcessingState":{},"onPremisesLastSyncDateTime":{},"onPremisesSecurityIdentifier":{},"onPremisesSyncEnabled":{},"preferredDataLocation":{},"preferredLanguage":{},"proxyAddresses":{"type":"array","items":{"type":"string"}},"renewedDateTime":{"type":"string"},"resourceBehaviorOptions":{"type":"array"},"resourceProvisioningOptions":{"type":"array","items":{"type":"string"}},"securityEnabled":{"type":"boolean"},"theme":{},"visibility":{"type":"string"},"onPremisesProvisioningErrors":{"type":"array"}},"required":["id","deletedDateTime","classification","createdDateTime","description","displayName","expirationDateTime","groupTypes","mail","mailEnabled","mailNickname","membershipRule","membershipRuleProcessingState","onPremisesLastSyncDateTime","onPremisesSecurityIdentifier","onPremisesSyncEnabled","preferredDataLocation","preferredLanguage","proxyAddresses","renewedDateTime","resourceBehaviorOptions","resourceProvisioningOptions","securityEnabled","theme","visibility","onPremisesProvisioningErrors"]}}}}}},"Apply_to_each":{"foreach":"@body('Parse_Teams')?['value']","actions":{"Get_Channels":{"runAfter":{},"type":"Http","inputs":{"method":"GET","uri":"https://graph.microsoft.com/beta/teams/@{items('Apply_to_each')?['id']}/channels","headers":{"Authorization":"Bearer @{body('Parse_JSON')['access_token']}","Accept":"application/json"}}},"Get_Channel_IDs":{"runAfter":{"Get_Channels":["Succeeded"]},"type":"ParseJson","inputs":{"content":"@body('Get_Channels')","schema":{"type":"object","properties":{"@@odata.context":{"type":"string"},"value":{"type":"array","items":{"type":"object","properties":{"id":{"type":"string"},"displayName":{"type":"string"},"description":{"type":"string"}},"required":["id","displayName","description"]}}}}}},"Apply_to_each_2":{"foreach":"@body('Get_Channel_IDs')?['value']","actions":{"Get_Tabs":{"runAfter":{"Insert_row_2":["Succeeded"]},"type":"Http","inputs":{"method":"GET","uri":"https://graph.microsoft.com/beta/teams/@{items('Apply_to_each')?['id']}/channels/@{items('Apply_to_each_2')?['id']}/tabs","headers":{"Authorization":"Bearer @{body('Parse_JSON')['access_token']}","Accept":"application/json"}}},"Tab_List":{"runAfter":{"Get_Tabs":["Succeeded"]},"type":"ParseJson","inputs":{"content":"@body('Get_Tabs')","schema":{"type":"object","properties":{"@@odata.context":{"type":"string"},"value":{"type":"array","items":{"type":"object","properties":{"id":{"type":"string"},"name":{"type":"string"},"displayName":{"type":"string"},"teamsAppId":{"type":"string"},"sortOrderIndex":{"type":"string"},"messageId":{},"webUrl":{"type":"string"},"configuration":{"type":"object","properties":{"entityId":{},"contentUrl":{},"removeUrl":{},"websiteUrl":{},"wikiTabId":{"type":"integer"},"wikiDefaultTab":{"type":"boolean"},"hasContent":{"type":"boolean"}}}},"required":["id","name","displayName","teamsAppId","sortOrderIndex","messageId","webUrl","configuration"]}}}}}},"Apply_to_each_3":{"foreach":"@body('Tab_List')?['value']","actions":{"Insert_row":{"runAfter":{},"metadata":{"01GIZF4NKG26PZ2NJTHVHK4KPWX7MWVGFZ":"/TeamsInfo.xlsx","flowSystemMetadata":{"swaggerOperationId":"PostItem"}},"type":"ApiConnection","inputs":{"host":{"api":{"runtimeUrl":"https://flow-apim-msmanaged-na-eastus2-01.azure-apim.net/apim/excel"},"connection":{"name":"@parameters('$connections')['shared_excel']['connectionId']"}},"method":"post","body":{"ChannelID":"@items('Apply_to_each_2')?['id']","TabID":"@items('Apply_to_each_3')?['id']","TabName":"@items('Apply_to_each_3')?['name']","TabDisplayName":"@items('Apply_to_each_3')?['displayName']","TeamsAppID":"@items('Apply_to_each_3')?['teamsAppId']","TeamsWebURL":"@items('Apply_to_each_3')?['webUrl']","Tab1":"@body('Tab_List')?['@odata.context']"},"path":"/datasets/@{encodeURIComponent(encodeURIComponent('01GIZF4NKG26PZ2NJTHVHK4KPWX7MWVGFZ'))}/tables/@{encodeURIComponent(encodeURIComponent('Tabs'))}/items","authentication":"@parameters('$authentication')"}}},"runAfter":{"Tab_List":["Succeeded"]},"type":"Foreach"},"Insert_row_2":{"runAfter":{},"metadata":{"01GIZF4NKG26PZ2NJTHVHK4KPWX7MWVGFZ":"/TeamsInfo.xlsx","flowSystemMetadata":{"swaggerOperationId":"PostItem"}},"type":"ApiConnection","inputs":{"host":{"api":{"runtimeUrl":"https://flow-apim-msmanaged-na-eastus2-01.azure-apim.net/apim/excel"},"connection":{"name":"@parameters('$connections')['shared_excel']['connectionId']"}},"method":"post","body":{"TeamID":"@items('Apply_to_each')?['id']","ChannelID":"@items('Apply_to_each_2')?['id']","ChannelName":"@items('Apply_to_each_2')?['displayName']","ChannelDescription":"@items('Apply_to_each_2')?['description']","Channel1":"@body('Get_Channel_IDs')?['@odata.context']"},"path":"/datasets/@{encodeURIComponent(encodeURIComponent('01GIZF4NKG26PZ2NJTHVHK4KPWX7MWVGFZ'))}/tables/@{encodeURIComponent(encodeURIComponent('Channels'))}/items","authentication":"@parameters('$authentication')"}}},"runAfter":{"Get_Channel_IDs":["Succeeded"]},"type":"Foreach"}},"runAfter":{"Apply_to_each_4":["Succeeded"]},"type":"Foreach"},"Apply_to_each_4":{"foreach":"@body('Parse_Teams')?['value']","actions":{"Get_Group_Owners":{"runAfter":{},"type":"Http","inputs":{"method":"GET","uri":"https://graph.microsoft.com/v1.0/groups/@{items('Apply_to_each_4')?['id']}/owners?$select=userPrincipalName&$top=1","headers":{"Authorization":"Bearer @{body('Parse_JSON')['access_token']}","Accept":"application/json"}}},"Parse_JSON_2":{"runAfter":{"Get_Group_Owners":["Succeeded"]},"type":"ParseJson","inputs":{"content":"@body('Get_Group_Owners')","schema":{"type":"object","properties":{"@@odata.context":{"type":"string"},"value":{"type":"array","items":{"type":"object","properties":{"@@odata.type":{"type":"string"},"userPrincipalName":{"type":"string"}},"required":["@@odata.type","userPrincipalName"]}}}}}},"Apply_to_each_5":{"foreach":"@body('Parse_JSON_2')?['value']","actions":{"Update_TeamGroups_Table":{"runAfter":{},"metadata":{"01GIZF4NKG26PZ2NJTHVHK4KPWX7MWVGFZ":"/TeamsInfo.xlsx","flowSystemMetadata":{"swaggerOperationId":"PostItem"}},"type":"ApiConnection","inputs":{"host":{"api":{"runtimeUrl":"https://flow-apim-msmanaged-na-eastus2-01.azure-apim.net/apim/excel"},"connection":{"name":"@parameters('$connections')['shared_excel']['connectionId']"}},"method":"post","body":{"TeamID":"@items('Apply_to_each_4')?['id']","TeamDisplayName":"@items('Apply_to_each_4')?['displayName']","TeamCreateDate":"@items('Apply_to_each_4')?['createdDateTime']","TeamRenewDate":"@items('Apply_to_each_4')?['renewedDateTime']","Team_x0020_Owner":"@items('Apply_to_each_5')?['userPrincipalName']","Team_x0020_1":"@items('Apply_to_each_4')?['visibility']"},"path":"/datasets/@{encodeURIComponent(encodeURIComponent('01GIZF4NKG26PZ2NJTHVHK4KPWX7MWVGFZ'))}/tables/@{encodeURIComponent(encodeURIComponent('TeamGroups'))}/items","authentication":"@parameters('$authentication')"}}},"runAfter":{"Parse_JSON_2":["Succeeded"]},"type":"Foreach"}},"runAfter":{"Parse_Teams":["Succeeded"]},"type":"Foreach"}},"runAfter":{"HTTP":["Succeeded"]},"else":{"actions":{"Terminate":{"runAfter":{},"type":"Terminate","inputs":{"runStatus":"Failed","runError":{"code":"@{outputs('HTTP')['statusCode']}","message":"HTTP Auth Failed!"}}}}},"expression":"@equals(outputs('HTTP')['statusCode'], 200)","type":"If"}},"outputs":{}},"connectionReferences":{"shared_excel":{"connectionName":"shared-excel-239e7375-ae6a-4b2b-b5ee-c1c2c3fdd05c","source":"Embedded","id":"/providers/Microsoft.PowerApps/apis/shared_excel","tier":"NotSpecified"}},"flowFailureAlertSubscribed":false}}